Workbook
Name A: #REF!
Name aaa: #REF!
Name b: #REF!
Name costoacquasanitaria: #REF!
Name costoafs: #REF!
Name costoenegiaelettrica: #REF!
Name D: #REF!
Name DINO: #REF!
Name Nom_Nouveau: #REF!
Name Nom_Quad: #REF!
Name rate: #REF!
Name Righe_Rimaste: #REF!
Name Verifica: #REF!
Name costoenegiaelettrica: 'Ripartizione_Termo 02.03.2026'!$C$26
Name costoafs: Tabella_2026!$E$13
Name costoenegiaelettrica: #REF!
Name costoafs: #REF!
Name costoenegiaelettrica: #REF!

Sheet Ripartizione_Termo 02.03.2026
A1: Condomini | C1: Millesimi riscaldamento | D1: Millesimi acqua calda sanitaria
C2: Mill. | D2: Mill.
A3: App. 01 | C3: ='Tabelle millesimali'!D4 | D3: ='Tabelle millesimali'!F4
A4: App. 02 | C4: ='Tabelle millesimali'!D5 | D4: ='Tabelle millesimali'!F5
A5: App. 03 | C5: ='Tabelle millesimali'!D6 | D5: ='Tabelle millesimali'!F6
A6: App. 04 | C6: ='Tabelle millesimali'!D7 | D6: ='Tabelle millesimali'!F7
A7: App. 05 | C7: ='Tabelle millesimali'!D8 | D7: ='Tabelle millesimali'!F8
A8: App. 06 | C8: ='Tabelle millesimali'!D9 | D8: ='Tabelle millesimali'!F9
A9: App. 07 | C9: ='Tabelle millesimali'!D10 | D9: ='Tabelle millesimali'!F10
A10: App. 08 | C10: ='Tabelle millesimali'!D11 | D10: ='Tabelle millesimali'!F11
A11: App. 09 | C11: ='Tabelle millesimali'!D12 | D11: ='Tabelle millesimali'!F12
A12: App. 10 | C12: ='Tabelle millesimali'!D13 | D12: ='Tabelle millesimali'!F13
A14: TOTALE | C14: =SUM(C3:C12) | D14: =SUM(D3:D12)
A17: CALCOLO DELLA RIPARTIZIONE
A18: I valori sono quelli reali. Aggiornando i dati nelle celle gialle e rosa con i valori dell'anno corrente si ottiene la ripartizione
A19: Impianto: rsicaldamento a colonne montanti + acqua calda sanitaria centralizzata
A21: Costo complessivo GAS METANO | B21: € | C21: =Tabella_2026!E4 | D21: da tabella
A22: Gas Metano lettura INIZIALE | B22: mc | C22: =Tabella_2026!F21
A23: Gas Metano lettura FINALE | B23: mc | C23: =Tabella_2026!H21 | D23: da tabella
A24: costo medio metano | B24: €/mc | C24: =C21/(C23-C22)
A25: Consumo energia elettrica per CT | B25: kWh | C25: =SUM(Tabella_2026!G20) | D25: da tabella
A26: Costo medio enegia elettrica | B26: €/kwh | C26: =Tabella_2026!E12
A27: Lettura contabilizzatore x RISCALDAMENTO INIZIO ESERCIZIO | B27: kWh | C27: 21778 | D27: 46022 | E27: da prec. Es
A28: Lettura contabilizzatore x RISCALDAMENTO FINE GESTIONE 25 | B28: kWh | E28: da letture Siemems
A29: consumo energetico per RISCALDAMENTO | B29: kWh | C29: =(C28-C27) | D29: = CONSUMO
A30: Lettura contabilizzatore x ACS in ct INIZIO ESERCIZIO | B30: kWh | C30: 26256 | D30: 46022 | E30: da prec. Es
A31: Lettura contabilizzatore x ACS in ct FINE GESTIONE 25 | B31: kWh | E31: da letture Siemems
A32: consumo energetico per riscaldamento ACS | B32: kWh | C32: =(C31-C30) | D32: = CONSUMO
A35: Calcolo del costo dell'energia utile prodotta
A36: Consumo metano | B36: m³ | C36: =C23-C22
A37: Costo TOTALE metano | B37: € | C37: =C21
B38: €/m³ | C38: =+C37/C36
A40: Potere calorifico metano | B40: kWh/m³ | C40: 9.45
A41: Consumo metano | B41: kWh | C41: =+C36*C40
A43: Consumo energia elettrica | B43: kWh | C43: =C25
A44: Costo energia elettrica | B44: €/kWh | C44: =costoenegiaelettrica
B45: € | C45: =+C43*C44
A47: Costo totale | B47: € | C47: =+C45+C37
A48: Rendimento generatore | B48: % | C48: 93
A49: Energia utile prodotta dal generatore | B49: kWh | C49: =+C41*C48/100
A50: Energia contabilizzata RISC + ACS in CT | B50: kWh | C50: =C32+C29
A51: Costo specifico energia | B51: €/kWh | C51: =+C47/C50
A53: Suddivisione fra riscaldamento ed acqua calda sanitaria
A54: Energia totale contabilizzata | B54: kWh | C54: =+C50
A55: Consumo totale per acqua calda sanitaria | B55: kWh | C55: =C32
A56: Consumo totale per riscaldamento | B56: kWh | C56: =C29
A58: Spese gestionali
A59: Spese di conduzione e manutenzione | B59: €/anno | C59: =Tabella_2026!E6
A60: Spese di contabilizzazione | B60: €/anno | C60: =Tabella_2026!E7
A61: Spese imputabili ad acqua SANITARIA (Sali + manutenzione) | B61: €/anno | C61: =Tabella_2026!E8
A62: TOTALE SPESE GESTIONALI | B62: €/anno | C62: =SUM(C59:C61)
A63: Quota spese fisse riscaldamento kcli | C63: 0.49831855
A64: Quota spese fisse acqua calda sanitaria kacs | C64: 0.50168145
A65: Spese gestionali riscaldamento | B65: €/anno | C65: =+C62*C63
A66: Spese gestionali acqua calda sanitaria | B66: €/anno | C66: =+C62*C64
A68: Spese totali a ripartire
A69: Combustibile | B69: €/anno | C69: =+C37 | D69: =+C69/$C$72
A70: Energia elettrica | B70: €/anno | C70: =+C45 | D70: =+C70/$C$72
A71: Gestione impianto | B71: €/anno | C71: =+C62 | D71: =+C71/$C$72
A72: TOTALE | B72: €/anno | C72: =SUM(C69:C71) | D72: =SUM(D69:D71)
A74: Energia volontaria per riscaldamento
B75: Lettura iniziale | C75: Lettura finale | D75: Consumo | E75: Costo
B76: kWh | D76: kWh | E76: €
A77: =+A3 | B77: 0 | D77: =+C77-B77 | E77: =+D77*$C$51
A78: =Inquilini!B2 | B78: 4048 | D78: =+C78-B78 | E78: =+D78*$C$51
A79: =+A4
A80: =Inquilini!B3 | B80: 4727 | D80: =+C80-B80 | E80: =+D80*$C$51
A81: =+A5
A82: =Inquilini!B4 | B82: 621 | D82: =+C82-B82 | E82: =+D82*$C$51
A83: =+A6
A84: =Inquilini!B5 | B84: 922 | D84: =+C84-B84 | E84: =+D84*$C$51
A85: =+A7
A86: =Inquilini!B6 | B86: 102 | D86: =+C86-B86 | E86: =+D86*$C$51
A87: =+A8
A88: =Inquilini!B7 | B88: 169 | D88: =+C88-B88 | E88: =+D88*$C$51
A89: =+A9
A90: =Inquilini!B8 | B90: 112 | D90: =+C90-B90 | E90: =+D90*$C$51
A91: =+A10
A92: =Inquilini!B9 | B92: 1708 | D92: =+C92-B92 | E92: =+D92*$C$51
A93: =+A11
A94: =Inquilini!B10 | B94: 2720 | D94: =+C94-B94 | E94: =+D94*$C$51
A95: =+A12 | B95: 7713 | D95: =+C95-B95 | E95: =+D95*$C$51
A96: TOTALE | B96: =SUM(B77:B95) | C96: =SUM(C77:C95) | D96: =SUM(D77:D95) | E96: =SUM(E77:E95)
A98: Energia utile per riscaldamento | B98: kWh | C98: =+C56
A99: Energia involontaria per riscaldamento | B99: kWh | C99: =+C98-D96
B100: Millesimi | C100: Energia | D100: Costo
C101: kWh | D101: €
A102: App. 01
A103: =Inquilini!B2 | B103: =+C3 | C103: =+$C$99*B103/1000 | D103: =+C103*$C$51
A104: App. 02
A105: =Inquilini!B3 | B105: =+C4 | C105: =+$C$99*B105/1000 | D105: =+C105*$C$51
A106: App. 03
A107: =Inquilini!B4 | B107: =+C5 | C107: =+$C$99*B107/1000 | D107: =+C107*$C$51
A108: App. 04
A109: =Inquilini!B5 | B109: =+C6 | C109: =+$C$99*B109/1000 | D109: =+C109*$C$51
A110: App. 05
A111: =Inquilini!B6 | B111: =+C7 | C111: =+$C$99*B111/1000 | D111: =+C111*$C$51
A112: App. 06
A113: =Inquilini!B7 | B113: =+C8 | C113: =+$C$99*B113/1000 | D113: =+C113*$C$51
A114: App. 07
...

Sheet Tabella_2026
B2: verifiche | F2: Data
B3: Spesa enegia elettrica da dividere x termico
B4: Spesa GAS da dividere condominio | G4: =SUM(E3:E4)
B5: Spesa ACQUA del condominio
B6: Spese di conduzione e manutenzione
B7: Spese di contabilizzazione
B8: Spese ad acqua SANITARIA (Sali + manutenzione)
E9: =SUM(E3:E8)
B12: Costo medio energia elettrica €/kWh | E12: =E3/H20
B13: Costo medio AFS €/mc | E13: =E5/('Ripartizione_Termo 02.03.2026'!D200+'Ripartizione_Termo 02.03.2026'!E200)
B14: Costo medio gas metano €/mc | E14: =E4/H21
B17: LETTURA CONTATORI PRINCIPALI | E17: DATA
G18: ??/??/???? | H18: CONSUMO
G19: da fatture
B20: ENERGIA ELETTRICA CT | E20: Kwh | H20: =G20-F20
B21: GAS METANO CT | E21: mc | H21: =G21-F21
B22: ACQUA GENERALE ACQUEDOTTO | E22: mc | H22: =G22-F22

Sheet Tabelle millesimali
A1: Condomini | C1: Energia utile riscaldamento | D1: Millesimi riscaldamento | E1: Energia utile acqua calda sanitaria | F1: Millesimi acqua calda sanitaria
C2: kWh | D2: Mill. | E2: kWh | F2: Mill.
A3: TOTALE | B3: SUBALTERNO | C3: =SUM(C4:C15) | D3: =SUM(D4:D15) | E3: =SUM(E4:E15) | F3: =SUM(F4:F15)
D4: =C4/$C$3*1000 | F4: =+E4/$E$3*1000
D5: =C5/$C$3*1000 | F5: =+E5/$E$3*1000
D6: =C6/$C$3*1000 | F6: =+E6/$E$3*1000
D7: =C7/$C$3*1000 | F7: =+E7/$E$3*1000
D8: =C8/$C$3*1000 | F8: =+E8/$E$3*1000
D9: =C9/$C$3*1000 | F9: =+E9/$E$3*1000
D10: =C10/$C$3*1000 | F10: =+E10/$E$3*1000
D11: =C11/$C$3*1000 | F11: =+E11/$E$3*1000
D12: =C12/$C$3*1000 | F12: =+E12/$E$3*1000
D13: =C13/$C$3*1000 | F13: =+E13/$E$3*1000
D14: =C14/$C$3*1000 | F14: =+E14/$E$3*1000
D15: =C15/$C$3*1000 | F15: =+E15/$E$3*1000
C17: kcli | E17: kacs
C18: =+C3/(C3+E3) | E18: =+E3/(C3+E3)
